model,fold,mae,rmse,r2
Training Mean,1,0.2677605152130127,0.37760013341903687,0.18582093715667725
Ridge (Blink Only),1,0.2675991952419281,0.3773933947086334,0.1868896245956421
Ridge (Compact),1,0.29170161485671997,0.404631108045578,0.04162435531616211
SVR,1,0.281684919011619,0.3937876836996465,0.10853307156603806
Gradient Boosting,1,0.27656613870707586,0.38880457134930935,0.13763427062917644
Training Mean,2,0.23822499811649323,0.34126749634742737,0.19320921897888182
Ridge (Blink Only),2,0.23821808397769928,0.3429488241672516,0.18309428691864013
Ridge (Compact),2,0.26624104380607605,0.37848231196403503,0.011975836753845216
SVR,2,0.2532999332935525,0.36050105559019047,0.09615697119322161
Gradient Boosting,2,0.25808636177264616,0.3716728924389707,0.05696134647335187
Training Mean,3,0.2340295910835266,0.33544203639030457,0.173636794090271
Ridge (Blink Only),3,0.23316353559494019,0.33499884605407715,0.17582097053527831
Ridge (Compact),3,0.2617655396461487,0.3737826645374298,-0.021318483352661132
SVR,3,0.24600231566965317,0.3515300931563267,0.09878108702829791
Gradient Boosting,3,0.24680920783337248,0.3606080600524751,0.061529036587120965
Training Mean,4,0.258643239736557,0.3724958002567291,0.05446681976318359
Ridge (Blink Only),4,0.2576853036880493,0.3708772659301758,0.06466050148010254
Ridge (Compact),4,0.28227168321609497,0.4121699333190918,-0.14081575870513915
SVR,4,0.26406670709669816,0.3855834178093488,-0.0037634012333533475
Gradient Boosting,4,0.26811977742655857,0.39151349615396586,-0.02644934680351878
Training Mean,5,0.23686449229717255,0.3472844660282135,0.1044069766998291
Ridge (Blink Only),5,0.23668137192726135,0.3474588692188263,0.10689749717712402
Ridge (Compact),5,0.2709919214248657,0.39239776134490967,-0.2033928871154785
SVR,5,0.24719905811284662,0.36313488149547424,0.018439377121175538
Gradient Boosting,5,0.2613193841605661,0.38857281328084364,-0.10728136168491224
